Product,Rating,Number of ratings,Price,Brand,Display Size,Hard Disk Size,RAM
"         Lenovo Newest 15.6"" FHD Laptop, Intel Pentium N6000 Quad-core Processor, 16GB Memory, 1TB SSD Storage, Ethernet Port, HDMI, USB-C, WiFi & Bluetooth, Windows 11 Home, WOWPC USB Bundle              ",4.5,24 ratings,"$399
.
00",Lenovo,15.6 Inches,1 TB,16 GB
"         Lenovo IdeaPad 1 Student Laptop, Intel Dual Core Processor, 12GB RAM, 512GB SSD + 128GB eMMC, 15.6"" FHD Display, 1 Year Office 365, Windows 11 Home, Wi-Fi 6, Webcam, Bluetooth, SD Card Reader, Grey              ",4.3,164 ratings,"$279
.
00",Lenovo,15.6 Inches,512 GB,12 GB
"         Acer Aspire 3 A315-24P-R7VH Slim Laptop | 15.6"" Full HD IPS Display | AMD Ryzen 3 7320U Quad-Core Processor | AMD Radeon Graphics | 8GB LPDDR5 | 128GB NVMe SSD | Wi-Fi 6 | Windows 11 Home in S Mode              ",4.5,"37,826 ratings","$256
.
99",acer,15.6 Inches,128 GB,8 GB
"         HP Newest 14"" Ultral Light Laptop for Students and Business, Intel Quad-Core N4120, 8GB RAM, 192GB Storage(64GB eMMC+128GB Micro SD), 1 Year Office 365, Webcam, HDMI, WiFi, USB-A&C, Win 11 S              ",4.2,"1,466 ratings","$296
.
89",HP,14 Inches,64 GB,8 GB
"         HP 15.6"" Portable Laptop (Include 1 Year Microsoft 365), HD Display, Intel Quad-Core N200 Processor, 16GB RAM, 128GB Storage, Wi-Fi 5, Webcam, HDMI, Numeric Keypad, Windows 11 Home, Red              ",4.2,190 ratings,"$283
.
00",HP,15.6 Inches,128 GB,16 GB
"         HP 14 Laptop, Intel Celeron N4020, 4 GB RAM, 64 GB Storage, 14-inch Micro-edge HD Display, Windows 11 Home, Thin & Portable, 4K Graphics, One Year of Microsoft 365 (14-dq0040nr, 2021, Snowflake White)              ",3.8,"1,091 ratings","$185
.
00",HP,14 Inches,64 GB,4 GB
"         acer Chromebook Laptop for Student and Business - 15.6"" HD Display, 13H Long Battery, 4GB RAM, 64GB eMMC, ‎Intel Dual-Core CPU(Up to 2.8G), Notebook with HD Webcam, Chrome OS with Laptop Stand              ",4.9,15 ratings,"$219
.
99",acer,15.6 Inches,64 GB,4 GB
"         Lenovo Newest V15 Series Laptop, 24GB RAM, 1TB SSD Storage 15.6″ FHD Display with Low-Blue Light, Intel 4-Cores Upto 3.3Ghz Processor, HDMI, Ethernet Port, WiFi & Bluetooth, Windows 11 Home              ",4.3,164 ratings,"$431
.
00",Lenovo,15 Inches,1 TB,40 GB
"         Acer Aspire 1 A115-32-C96U Slim Laptop | 15.6"" FHD Display | Intel Celeron N4500 Processor | 4GB DDR4 | 128GB eMMC | WiFi 5 | Microsoft 365 Personal 1-Year Subscription | Windows 11 in S Mode, Silver              ",4.3,"3,007 ratings","$189
.
99",acer,15.6 Inches,128 GB,4 GB
"         Laptop, 15.6 Inch Windows 11 Intel Celeron N5095 Quad-Core Processor up to 2.9Ghz, 8GB DDR4 256GB SSD Laptop Computer,2.4/5G WiFi, Bluetooth 4.2,Mini HDMI,2xUSB 3.0,Type-C,Numeric Keypad              ",4.7,70 ratings,"$219
.
99",URAO,15.6 Inches,256 GB,8 GB
"         IdeaPad 1 14 Laptop, 14.0"" HD Display, Intel Celeron N4020, 4GB RAM, 64GB Storage, Intel UHD Graphics 600, Win 11 in S Mode, Cloud Grey              ",3.6,491 ratings,"$144
.
70",Lenovo,14 Inches,64 GB,4 GB
"         2020 HP 14"" HD (1366 x 768) Thin and Light Laptop PC, Intel Celeron N4020 Dual-Core Processor, 4GB DDR4 Memory, 64GB eMMC, HDMI, WiFi, Bluetooth, Windows 10 S, 1 Year Microsoft 365, Snowflake White              ",4.2,868 ratings,"$184
.
00",HP,14 Inches,,8 GB
"         HP 17 Laptop, 17.3” HD+ Display, 11th Gen Intel Core i3-1125G4 Processor, 8GB RAM, 256GB SSD, Wi-Fi, HDMI, Webcam, Windows 11 Home, Silver              ",4.6,69 ratings,"$374
.
00",HP,17.3 Inches,256 GB,8 GB
"         Lenovo Everyday Ideapad with Microsoft Office Lifetime License, 16GB Memory, 1TB SSD Storage, Intel Dual Core Processor, 15.6"" Anti-Glare HD Display, SD Card Reader, HDMI, Webcam, Windows 11 Home              ",4.3,456 ratings,"$499
.
99",Lenovo,15.6 Inches,1 TB,16 GB
"         Lenovo V15 G2 Laptop, 15.6"" FHD Screen, Intel Dual-core N4500 Processor (Beat i3-1005G1), 8GB RAM, 128GB SSD, Webcam, HDMI, Wi-Fi, Windows 11 Home, Black              ",4.3,24 ratings,"$279
.
00",Lenovo,15.6 Inches,128 GB,8 GB
"         Laptop - Laptop Computer, 15.6 Inch Laptops, 16GB DDR4 RAM 512GB SSD, Intel Celeron N5095, Computers with Windows 11, 1920 x 1080 Display, Type-C, HD for Businesses and Students              ",,,"$239
.
99",IJKKJI,15.6 Inches,512 GB,16 GB
"         HP Portable Laptop, Student and Business, 14"" HD Display, Intel Quad-Core N4120, 16GB DDR4 RAM, 64GB eMMC, 1 Year Office 365, Webcam, RJ-45, HDMI, Wi-Fi, Windows 11 Home, Silver              ",4.1,616 ratings,"$225
.
00",HP,14 Inches,64 GB,16 GB
"         HP Victus 15 Gaming Laptop, 15.6"" FHD 144Hz Display, AMD Ryzen 5 7535HS, 16GB DDR5 RAM, 512GB PCIe M.2 SSD, NVIDIA GeForce RTX 2050, HDMI, Webcam, Backlit Keyboard, Wi-Fi 6, Windows 11 Home, Silver              ",4.3,344 ratings,"$597
.
00",HP,15.6 Inches,512 GB,16 GB
"         Laptop Computer, 15.6 inch Laptop, Intel Celeron Quad-Core Processors, 8GB RAM 256GB ROM, 1366 * 768 IPS, Traditional Laptop Computers Support WiFi, Bluetooth, Type-C, TF Card, Mini-HDMI              ",5,6 ratings,"$219
.
99",ANMESC,15.6 Inches,256 GB,8 GB
"         Dell Inspiron 15 3000 3520 Business Laptop Computer[Windows 11 Pro], 15.6'' FHD Touchscreen, 11th Gen Intel Quad-Core i5-1135G7, 16GB RAM, 1TB PCIe SSD, Numeric Keypad, Wi-Fi, Webcam, HDMI, Black              ",4.2,16 ratings,"$495
.
85",Dell,15.6 Inches,1 TB,16 GB
"         HP Notebook Laptop, 15.6"" HD Touchscreen, Intel Core i3-1115G4 Processor, 32GB RAM, 1TB PCIe SSD, Webcam, Type-C, HDMI, SD Card Reader, Wi-Fi, Windows 11 Home, Silver              ",4.2,737 ratings,"$438
.
00",HP,15.6 Inches,1 TB,32 GB
"         15.6 inch Laptop Computer,Windows 11 Laptop with Intel N95 Processor, 16GB DDR4,512GB SSD,1080P FHD Display, WiFi, BT5.0, USB3.2, Type_C,Metal Shell,38WH Battery              ",4.7,4 ratings,"$349
.
99",ACEMAGIC,15.6 Inches,512 GB,16 GB
"         HP 17 Laptop, 17.3"" FHD Screen, AMD Ryzen 5 5500U, 16GB SSD, 2TB SSD, Webcam, HDMI, Fingerprint Reader, Wi-Fi, Windows 11 Home, Silver              ",4.3,30 ratings,"$589
.
99",HP,17.3 Inches,2 TB,16 GB
"         ASUS ROG Strix G15 Gaming Laptop, 15.6” 16:9 FHD 144Hz, GeForce RTX 3050, AMD Ryzen 7 6800HS, 8GB DDR5, 512GB PCIe SSD, Wi-Fi 6E, Windows 11, G513RC-EH71              ",4.3,104 ratings,"$749
.
99",ASUS,15.6 Inches,512 GB,8 GB
"         Dell Touchscreen 15.6"" Inspiron Business Laptop Computer, Windows 11 Pro Laptop 32GB RAM 1TB SSD, Intel Core i5 Quad-Core Processor, Full HD IPS Display, Media Card Reader, Black              ",4.6,17 ratings,"$649
.
99",Dell,15.6 Inches,1 TB,32 GB
"         hp Newest 15.6"" Anti-Glare HD Laptop, Intel Quad-core Processor, 16GB RAM, 128GB SSD+ 128GB JVQ USB Storage, Office 365 1-Year, Up to 11 hrs Long Battery, Win11 S, Scarlet Red              ",4.5,117 ratings,"$299
.
95",hp,15.6 Inches,128 GB,16 GB
"         Dell 2023 Newest Inspiron 15 3525 Laptop, 15.6"" FHD Display, AMD Ryzen 5 5500U Processor up to 4GHz, 16GB RAM, 512GB SSD, AMD Radeon Graphics, Wi-Fi, Bluetooth, Windows 11 Home              ",4.3,348 ratings,"$415
.
76",Dell,15.6 Inches,512 GB,16 GB
"         14'' Laptop Computer, Quad-Core Intel Celeron N4120 Processors, 8GB RAM, 256GB SSD, Windows 11 Laptops Computers, Ultra Slim, Long Battery Life, 2.4G/5G WiFi, BT 4.2, HDMI (N4120, 8+256GB)              ",4.6,10 ratings,"$199
.
00",LETSUNG,14 Inches,,8 GB
"         Laptop - Laptop Computer, 17.3 in Laptop, 16GB DDR4 RAM 512GB SSD, Intel Celeron N5095, Computers with Windows 11, 1920 x 1080 Display, Type-C, HD for Businesses and Students              ",,,"$309
.
99",IJKKJI,17.3 Inches,512 GB,16 GB
"         HP 15.6 inch Laptop, FHD Display, 12th Gen Intel Core i5, 16 GB RAM, 512 GB SSD, Intel Iris Xe Graphics, Windows 11 Home, 15-dy5399nr (2023),Silver              ",4.3,293 ratings,"$599
.
99",HP,15.6 Inches,512 GB,16 GB
"         HP Newest 15 Laptop, 16GB Memory, 15.6"" Anti-Glare Display, Intel Quad-core N200 Processor, 128GB Storage, Windows 11 Home S Mode, Bundled 250GB Portable SSD & 1 Year Office 365              ",4.3,62 ratings,"$339
.
00",HP,15.6 Inches,128 GB,16 GB
"         Dell Newest Inspiron 15 3511 Laptop, 15.6"" FHD Touchscreen, Intel Core i5-1035G1, 12GB RAM, 256GB PCIe NVMe M.2 SSD, SD Card Reader, Webcam, HDMI, WiFi, Windows 11 Home, Black              ",4.3,264 ratings,"$409
.
98",Dell,15.6 Inches,256 GB,12 GB
"         2020 Lenovo ThinkPad E15 15.6” FHD Business Laptop Computer, 10th gen Intel i5-10210U (up to 4.20GHz,Beat i7-8550u), 16GB RAM, 512GB SSD, WiFi HDMI Win10 Pro (Renewed)              ",5,6 ratings,,Lenovo,15.6 Inches,512 GB,16 GB
"         Business Laptop Computers, 32GB DDR4 RAM, 1TB M2 PCIe NVMe SSD, 1.7-3.4 GHz Intel N95 CPU, 15.6"" FHD IPS LCD Screen, Backlight Keyboard, Fingerprint Reader, Mini HDMI, USB-A, Windows 11 Pro              ",5,14 ratings,"$438
.
86",Auusda,15.6 Inches,1 TB,32 GB
         Dell Latitude 5480 | 14 inch Business Laptop | Intel i5-6300U | 8GB DDR4 | 256GB SSD | Backlit Keyboard | Win 10 Pro (Renewed)              ,4.4,537 ratings,,Dell,14 Inches,256 GB,8 GB
"         MSI Cyborg 15 15.6"" 144Hz FHD Gaming Laptop Computer, 12th Gen Intel 10-Core i7-12650H, GeForce RTX 4060 8GB, 64GB DDR5 RAM, 2TB PCIe SSD, WiFi 6, Backlit Keyboard, Windows 11, BROAGE Cable              ",4.6,10 ratings,"$1,169
.
00",MSI,15.6 Inches,2 TB,64 GB
"         HP Newest 17 Laptop Computer, 17.3” HD+ Touchscreen Business Laptop PC, 13th Gen Intel i7-1355U(10 cores), 64GB RAM 2TB SSD, Windows 11 Pro, Backlit Keyboard, Fingerprint Reader, Numeric Keypad Wi-Fi6              ",,,"$1,149
.
00",HP,17.3 Inches,2 TB,64 GB
"         15.6'' Home & Education Laptop, 8GB RAM, 256GB SSD, Intel Celeron Processor(1.8 to 2.5Ghz), Windows 11 Pro, 2.4GHz & 5GHz WiFi, Silver with Black Keyboard, for Browsing, Homework and More              ",,,"$188
.
00",FISKINER,15.6 Inches,,8 GB
"         HP 15.6"" HD Busienss Laptop Newest, 6-core AMD Ryzen 5 5500U(up to 4.0GHz), 16GB RAM, 1TB PCIE SSD, USB-A&C, WiFi, Fast Charge, Windows 11 + GM Accessory, Silver              ",3.6,12 ratings,"$469
.
99",HP,15.6 Inches,1 TB,16 GB
"         HP 2023 Latest Envy Laptop, 16"" WQXGA 120Hz Touchscreen, 13th Gen Intel Core i9-13900H, NVIDIA RTX 4060, 64GB DDR5 RAM, 2TB SSD, Webcam, Wi-Fi 6, Backlit KB, HDMI, Windows 11 Pro              ",4.3,12 ratings,"$1,639
.
00",HP,16 Inches,2 TB,64 GB
"         HP Pavilion Business Laptop, 15.6"" FHD Touchscreen, Intel Core i7-1355U, NVIDIA GeForce MX550, 32GB RAM, 1TB SSD, Fingerprint Reader, Backlit KB, Webcam, HDMI, Type-C, Wi-Fi 6, Windows 11 Pro, Gold              ",,,"$989
.
00",HP,15.6 Inches,1 TB,32 GB
"         Lenovo Legion 5 Gaming Laptop (15.6"" 2K 165Hz, AMD Ryzen 7 7735HS, GeForce RTX 4060 8GB, 32GB DDR5 RAM, 1TB SSD, (8 Core Beat i7-12700H)) Backlit, Wi-Fi 6, IST Cable, Win 11 Home, 2024, Storm Grey              ",4.5,14 ratings,"$1,299
.
99",Lenovo,15.6 Inches,1 TB,32 GB
"         HP 14 inch Laptop for Student and Business, Intel Quad-Core Processor, 16GB RAM, 320GB Storage (64GB eMMC + 256GB Card or FlashDrive), One Year Office 365, Wi-Fi, Windows 11 Pro, Pink              ",4.2,"1,133 ratings","$339
.
99",HP,14 Inches,320 GB,16 GB
"         Dell Inspiron 5635 Laptop - 16.0-inch 16:10 FHD+ (1920 x 1200) Display, AMD Ryzen 5-7530U, 8GB LPDDR4x RAM, 512GB SSD, AMD Radeon Graphics, Onsite Migrate, Windows 11 Home - Platinum Silver              ",4.2,97 ratings,"$541
.
79",Dell,16 Inches,512 GB,8 GB
"         Apple 2023 MacBook Pro Laptop M3 chip with 8‑core CPU, 10‑core GPU: 14.2-inch Liquid Retina XDR Display, 8GB Unified Memory, 512GB SSD Storage. Works with iPhone/iPad; Silver              ",4.6,132 ratings,"$1,399
.
00",Apple,14.2 Inches,512 GB,8 GB
"         Dell Inspiron 7630 Laptop - Intel Core i7-13700H, 16-inch 16:10 2.5K Display, 16GB LPDDR5 RAM, 512GB SSD, NVIDIA GeForce RTX 3050 6GB GDDR6, Services Included, Windows 11 Pro - Silver              ",3.5,22 ratings,"$899
.
97",Dell,16 Inches,512 GB,16 GB
"         LENOVO V-Series V15 Gen 2 Business Laptop, 15.6"" FHD Display, Intel Celeron N4500, 8GB RAM, 128GB SSD, Webcam, HDMI, Wi-Fi, Windows 11 Pro, Black              ",4,9 ratings,"$339
.
00",LENOVO,15.6 Inches,128 GB,8 GB
"         Lenovo V15 Laptop, 15.6"" FHD Display, AMD Ryzen 5 5500U Hexa-core Processor (Beat Intel i7-1065G7), 16GB RAM, 1TB SSD, HDMI, RJ45, Numeric Keypad, Wi-Fi, Windows 11 Pro, Black              ",4.4,159 ratings,"$509
.
00",Lenovo,15.6 Inches,1 TB,16 GB
"         acer Predator Helios 300 Gaming Laptop | 15.6"" QHD IPS 165Hz | 12th Gen Intel 14-Core i7-12700H | 16GB DDR5 1TB SSD | GeForce RTX 3070 8GB | RGB Backlit Thunderbolt4 Win11Pro Black + HDMI Cable              ",,,"$1,099
.
00",acer,15.6 Inches,1 TB,16 GB
"         SAMSUNG 15.6"" Galaxy Book3 Business Laptop Computer/Windows 11 PRO/16GB - 256GB/ 13th Gen Intel® Core™ i5 processor, 2023 Model, NP754XFG-KB3US, Silver              ",4.3,66 ratings,"$609
.
99",SAMSUNG,15.6 Inches,256 GB,16 GB
"         Acer Chromebook Spin 311 Convertible Laptop, Intel Celeron N4020, 11.6"" HD Touch, 4GB LPDDR4, 32GB eMMC, Gigabit Wi-Fi 5, Bluetooth 5.0, Google Chrome, CP311-2H-C679              ",4.5,"10,275 ratings","$193
.
00",acer,11.6 Inches,32 GB,4 GB
"         acer 2024 Chromebook, 15"" HD IPS ComfyView Screen, Intel Celeron N Processor Up to 2.70GHz, 4GB LPDDR4, 64GB eMMC, Intel UHD Graphics, 6th Gen WiFi, Webcam, Chrome OS, Dove Gray(Renewed)              ",4.5,38 ratings,,acer,15 Inches,64 GB,4 GB
"         ASUS 2023 Newest Vivobook Laptop, 16"" HD Display, AMD Ryzen 7 5800HS (8 core, Beats i7-1195G7), 12GB RAM, 512GB SSD, AMD Radeon Graphics, WiFi 6, Chiclet Keyboard, USB-A&C, Windows 11 Home              ",4.3,172 ratings,"$463
.
00",ASUS,16 Inches,512 GB,16 GB
"         Microsoft Surface Laptop 5 15-inch Touchscreen, 1TB i7 32GB RAM with Windows 11 Pro (Wi-Fi, 3.6GHz Ten-Core i7-1265U, Newest Version) Black Metal, RL1-00001              ",,,"$1,658
.
00",Microsoft,15 Inches,1 TB,32 GB
"         HP 2023 Newest Laptop Pavilion 17.3"" HD+ Laptop Computer, AMD Ryzen 3 7320U(Up to 4.1GHz, Beat i3-1125G4), AMD Radeon Graphics, 8GB DDR5 RAM, 256GB NVMe SSD, WiFi 6, HDMI, Numeric Keypad, Windows 11              ",4.4,21 ratings,"$362
.
00",HP,17.3 Inches,256 GB,8 GB
"         HP 2023 Newest Envy Laptop, 17.3"" FHD Touchscreen, Intel Core i7-1355U, NVIDIA RTX 3050, 64GB RAM, 1TB SSD, HDMI, Webcam, Backlit KB, SD Card Reader, Wi-Fi 6, Windows 11 Home, Grey              ",4.2,49 ratings,"$1,189
.
00",HP,17.3 Inches,1 TB,64 GB
"         ASUS ROG Strix G16 (2023) Gaming Laptop, 16” 16:10 FHD 165Hz, GeForce RTX 4070, Intel Core i9-13980HX, 16GB DDR5, 1TB PCIe SSD, Wi-Fi 6E, Windows 11, G614JI-AS94, Eclipse Gray              ",4.3,377 ratings,"$1,699
.
99",ASUS,16 Inches,1 TB,16 GB
"         Acer Nitro 5 AN515-58-57Y8 Gaming Laptop | Intel Core i5-12500H | NVIDIA GeForce RTX 3050 Ti Laptop GPU | 15.6"" FHD 144Hz IPS Display | 16GB DDR4 | 512GB Gen 4 SSD | Killer Wi-Fi 6 | Backlit Keyboard              ",4.4,"3,165 ratings","$699
.
99",acer,15.6 Inches,512 GB,16 GB
"         Lenovo Everyday Ideapad with Microsoft Office Lifetime License, 16GB Memory, 1TB SSD Storage, Intel Dual Core Processor, 15.6"" Anti-Glare HD Display, SD Card Reader, HDMI, Webcam, Windows 11 Home              ",4.3,456 ratings,"$499
.
99",Lenovo,15.6 Inches,1 TB,16 GB
"         hp Newest 15.6'' Anti-Glare HD Laptop, Intel Quad-core Processor, 16GB RAM, 128GB SSD+ 512GB JVQ USB Storage, Office 365 1-Year, Up to 11 hrs Long Battery, Windows 11 S, Scarlet Red              ",4.2,108 ratings,"$339
.
99",hp,15.6 Inches,128 GB,16 GB
"         Lenovo ideapad 3i Laptop, 15.6"" Full HD 1080p Touchscreen, Windows 11 Home, Intel Core i5-1135G7, 12GB RAM, 1t PCIe NVMe SSD, HDMI, Webcam, Arctic Grey, Alpacatec 32GB Card              ",5,6 ratings,"$679
.
00",Lenovo,15.6 Inches,1 TB,20 GB
"         ASUS ROG Strix G16 (2023) Gaming Laptop, 16” 16:10 FHD 165Hz, GeForce RTX 4070, Intel Core i9-13980HX, 16GB DDR5, 1TB PCIe SSD, Wi-Fi 6E, Windows 11, G614JI-AS94, Eclipse Gray              ",4.3,377 ratings,"$1,699
.
99",ASUS,16 Inches,1 TB,16 GB
"         HP 15.6 FHD IPS Flagship Laptop Computer, 11th Gen Intel 4-Core i5-1135G7(Up to 4.2GHz, Beat i7-1060G7), 32GB RAM, 1TB PCIe SSD, Iris Xe Graphics, Bluetooth, HDMI, WiFi, Win11, w/GM Accessories              ",4.3,78 ratings,"$489
.
99",HP,15.6 Inches,1 TB,32 GB
"         Acer Nitro 5 AN515-58-57Y8 Gaming Laptop | Intel Core i5-12500H | NVIDIA GeForce RTX 3050 Ti Laptop GPU | 15.6"" FHD 144Hz IPS Display | 16GB DDR4 | 512GB Gen 4 SSD | Killer Wi-Fi 6 | Backlit Keyboard              ",4.4,"3,165 ratings","$699
.
99",acer,15.6 Inches,512 GB,16 GB
"         ASUS Vivobook Laptop, 15.6"" FHD Touchscreen, Intel Core i5-1135G7, 36GB RAM, 2TB PCIe SSD, Webcam, Type-C, HDMI, Wi-Fi, Windows 11 Home, Grey              ",4.4,35 ratings,"$581
.
99",ASUS,15.6 Inches,2 TB,36 GB
"         acer 2023 Newest Chromebook 315 Laptop, 15.6"" HD Display, Intel Celeron N4020(Up to 2.8GHz), 4GB RAM, 64GB eMMC, Intel UHD Graphics, 12.5H Long Battery, WiFi, Bluetooth, Chrome OS              ",5,5 ratings,"$172
.
00",acer,15.6,64 GB,4 GB
"         HP Essential 255 G8 Laptop, 15.6"" FHD Display, AMD Ryzen 5 5500U, 16GB RAM, 1TB PCIe SSD, Webcam, SD Card Reader, HDMI, Wi-Fi 6, Windows 11 Pro, Dark Ash Silver              ",4,6 ratings,"$499
.
00",HP,15.6 Inches,1 TB,16 GB
"         ASUS 2023 Vivobook 16X Laptop, 16” WUXGA, Intel Core i9-13900H CPU, NVIDIA Geforce RTX 4050 GPU, 16GB RAM, 1TB SSD, Windows 11 Home, Indie Black, K3605VU-AS96              ",3.9,43 ratings,"$1,199
.
99",ASUS,16 Inches,,16 GB
"         NewLenovo Ideapad 1 Thin Light Laptop, 14.0"" HD Display, Celeron N4020(up to 2.80 GHz), 4GB RAM 128GB eMMC, WiFi 6, Webcam, 10Hr Battery, Windows 11 S, Cloud Grey Ommotech Supported              ",4.7,10 ratings,"$185
.
00",OMMOTECH,14 Inches,64 GB,4 GB
"         Dell Inspiron 3520 15.6"" FHD Laptop, Intel Core i7-1255U Processor, 32GB RAM, 1TB SSD, Webcam, HDMI, SD-Card Slot, Wi-Fi 6, Windows 11 Home, Black              ",3.9,12 ratings,"$700
.
00",Dell,15.6 Inches,1 TB,32 GB
"         HP Flagship 15.6 HD Laptop Computer, Intel Quad-Core Pentium N200 (Up to 3.7Ghz, Beat i5-8250U), 8GB RAM, 128GB SSD, Webcam, Fast Charge, HDMI, 1 Year Microsoft Office 365, Win 11, w/GM Accessory              ",4.3,119 ratings,"$289
.
99",HP,15.6 Inches,128 GB,8 GB
"         ASUS Business VivoBook 16 Laptop, 16” WUXGA (1920 x 1200) Screen, AMD Ryzen 7 5800HS, 32GB RAM, 1TB SSD, Webcam, HDMI, Wi-Fi 6, Windows 11 Pro, Blue              ",5,2 ratings,"$745
.
00",ASUS,16 Inches,1 TB,32 GB
"         Lenovo Newest V15 Series 15.6""(1920x1080) FHD Laptop | Intel 4-Cores Upto 3.3Ghz Processor | Dolby Audio | Ethernet | HDMI | WiFi & Bluetooth | Webcam | Windows 11 Home (16GB RAM | 1TB SSD)              ",5,3 ratings,"$399
.
99",Lenovo,15.6,1 TB,16 GB
"         jumper Laptop, Laptops Computer with 12th Intel N100 CPU(Up to 3.4GHz), 16GB RAM 512GB SSD, Quad-Core, 1200P FHD IPS Screen(16:10), 4 Stereo Speakers, 2.4G+5G WiFi, 38WH Battery, Cooling System, 16“.              ",4.2,32 ratings,"$339
.
99",jumper,16 Inches,511.99 GB,16 GB
"         Apple 2023 MacBook Pro Laptop M3 chip with 8‑core CPU, 10‑core GPU: 14.2-inch Liquid Retina XDR Display, 8GB Unified Memory, 512GB SSD Storage. Works with iPhone/iPad; Silver              ",4.6,132 ratings,"$1,399
.
00",Apple,14.2 Inches,512 GB,8 GB
"         Apple 2024 MacBook Air 15-inch Laptop with M3 chip: 15.3-inch Liquid Retina Display, 8GB Unified Memory, 256GB SSD Storage, Backlit Keyboard, 1080p FaceTime HD Camera, Touch ID; Space Gray              ",5,2 ratings,"$1,249
.
99",Apple,15.3 Inches,256 GB,8 GB
"         Apple 2024 MacBook Air 13-inch Laptop with M3 chip: 13.6-inch Liquid Retina Display, 8GB Unified Memory, 256GB SSD Storage, Backlit Keyboard, 1080p FaceTime HD Camera, Touch ID; Space Gray              ",4.3,7 ratings,"$1,049
.
99",Apple,13.6 Inches,256 GB,8 GB
"         Laptop Computer,16GB RAM 512GB SSD, Intel Celeron Quad-Core N5095 Processor, Laptop Computers with FHD IPS 1920x1080 Display,2.4/5G WiFi, Bluetooth, Type-C, Mini HDMI, USB 3.0              ",5,13 ratings,"$259
.
99",UGRIHACH,15.6 Inches,512 GB,16 GB
"         Acer 2023 Newest Aspire 1 Slim Laptop, 15.6'' Full HD Display, 16GB Memory, 1TB SSD Storage, Intel Dual-core Processor, Ethernet Port, Type-C, Windows 11 Home S, Year Microsoft 365 Included, Silver              ",4,68 ratings,"$359
.
00",acer,15.6 Inches,1 TB,16 GB
"         HP 17 Laptop (17.3"" HD+ Touchscreen, Intel Pentium N5030, 32GB RAM, 1TB SSD, UHD Graphics) Home & Business, 1-Year Office 365, Long Battery Life, Webcam, Numpad, IST HDMI, Win 11 Home, Silver              ",4.1,23 ratings,"$569
.
98",HP,17.3 Inches,1 TB,32 GB
"         HP 2023 Newest 14 Laptop for Productivity and Entertainment,14"" FHD Display, 16GB RAM, 1TB SSD, AMD Ryzen 3 Processor Upto 3.5GHz, Type-C, HDMI, Fast Charge, 10 Hrs Long Battery Life, Windows 11              ",4.1,372 ratings,"$363
.
00",HP,14 Inches,1 TB,16 GB
"         ASUS CX1500CNA Chromebook 15.6"" HD Laptop, Intel Celeron N3350 Processor, 4GB RAM, 64GB eMMC Flash Memory, Intel HD Graphics, HD Webcam, Stereo Speakers, Chrome OS, Black, (renewed)              ",4.1,"1,501 ratings",,ASUS,15.6 Inches,64 GB,4 GB
"         Lenovo IdeaPad 1 15.6"" HD Laptop, Athlon Silver 7120U, 4GB RAM, 128GB SSD, Webcam, Type-C, SD Card Reader, USB-A&C, Wi-Fi 6, Windows 11 + GM Accessory (Athlon 7120U| 4GB/256GB)              ",4.3,108 ratings,"$206
.
99",Lenovo,15.6 Inches,128 GB,4 GB
"         LENOVO IdeaPad 3i Laptop, 15.6"" HD Touchscreen Display, Intel Core i3-1115G4 Processor, 12GB DDR4 RAM, 256GB PCIe SSD, Bluetooth, Webcam, Wi-Fi 6, HDMI, Windows 11 Home, Grey              ",4.4,382 ratings,"$350
.
00",LENOVO,15.6 Inches,256 GB,12 GB
"         2023 Model 15.6"" Full HD Windows 11 Home S Laptop - 8GB RAM 256GB SSD, AC WiFi, RJ45, Integrated Webcam - S15 N2 15 Inch Lightweight Laptop              ",5,2 ratings,"$199
.
99",Lapbook,15.6 Inches,256 GB,8 GB
"         14 Inch Laptop Computer, Quad-Core Intel Celeron N5095 Processors, 8GB RAM 256GB SSD, FHD 1920 x 1080, Supports 180 Angle Opening, Windows 11 Pro              ",4.3,278 ratings,"$219
.
99",FUNYET,14.1 Inches,256 GB,8 GB
"         Laptop Computer, 15.6 inch Laptop, 8GB RAM 256GB ROM, Intel Celeron Quad-Core Processors, 1366 * 768 IPS, Traditional Laptop Computers Support Mini-HDMI, Type-C, TF Card              ",5,10 ratings,"$199
.
99",Maypug,15.6 Inches,256 GB,8 GB
"         ASUS Newest Creator OLED i7 Laptop, 15.6"" FHD Screen, 13th Gen Intel Core i7-13620H, NVIDIA GeForce RTX 3050, 16GB DDR5 RAM, 1TB PCIe SSD, Webcam, Backlit KB, FP Reader, Wi-Fi 6, Windows 11 Home              ",,,"$999
.
00",ASUS,15.6 Inches,1 TB,16 GB
"         Dell Inspiron 7630 Laptop - 16.0-inch 16:10 2.5K (2560x1600) Display, Intel Core i7-13620H, 16GB LPDDR5 RAM, 1TB SSD, NVIDIA GeForce RTX 3050 GDDR6 Graphics, 1 Year Onsite Service - Platinum Silver              ",3.5,22 ratings,"$1,155
.
18",Dell,16 Inches,14 TB,16 GB
"         LG UltraPC 16U7R Laptop, 16” IPS Display, AMD Ryzen 7 7730U Processor, 16GB RAM, 512GB PCIe SSD, Webcam, , HDMI, Type-C, Wi-Fi 6, Windows 11 Home, Gray              ",4,16 ratings,"$699
.
00",LG,16,512 GB,16 GB
"         HP EliteBook 845 G8 Business Laptop (14"" FHD, AMD Ryzen 5 PRO 5650U, 16GB RAM, 512GB SSD, Beats i5-1145G7) 3-Year Warranty, Long Battery Life, Backlit Keyboard, Wi-Fi 6E, Webcam, Win 11 Pro, Silver              ",4.1,20 ratings,"$499
.
98",ist computers,14 Inches,512 GB,16 GB
"         Apple 2024 MacBook Air 15-inch Laptop with M3 chip: 15.3-inch Liquid Retina Display, 8GB Unified Memory, 256GB SSD Storage, Backlit Keyboard, 1080p FaceTime HD Camera, Touch ID; Midnight              ",5,2 ratings,"$1,249
.
99",Apple,15.3 Inches,256 GB,8 GB
"         Apple 2024 MacBook Air 13-inch Laptop with M3 chip: 13.6-inch Liquid Retina Display, 8GB Unified Memory, 512GB SSD Storage, Backlit Keyboard, 1080p FaceTime HD Camera, Touch ID; Space Gray              ",4.3,7 ratings,"$1,299
.
00",Apple,13.6 Inches,512 GB,8 GB
"         Lenovo Newest Flagship Chromebook, 14'' FHD Touchscreen Slim Thin Light Laptop Computer, 8-Core MediaTek Kompanio 520 Processor, 4GB RAM, 64GB eMMC, WiFi 6,Chrome OS+HubxcelAccesory, Abyss Blue              ",4.4,163 ratings,"$212
.
99",Lenovo,14 Inches,64 GB,4 GB
"         ASUS TUF Gaming A17 (2023) Gaming Laptop, 17.3” FHD 144Hz Display, GeForce RTX 4050, AMD Ryzen 9 7940HS, 16GB DDR5, 1TB PCIe 4.0 SSD, Wi-Fi 6, Windows 11, FA707XU-EH94              ",4.1,16 ratings,"$1,099
.
99",ASUS,17.3 Inches,,16 GB
"         SGIN 15.6 Inch Laptop, 4GB RAM 128GB SSD, Laptops Computer with Intel Celeron J4105 Quad-Core CPU, Intel UHD Graphics 600, 2*USB 3.2, 2.4G/5G WiFi, Bluetooth 4.2, Mini HDMI, 38000 mWH Battery              ",5,1 rating,"$316
.
69",SGIN,15.6 Inches,128 GB,4 GB
"         HP Chromebook 11 G6 Ee 11.6"" Chromebook Intel Celeron 1.10 GHz 4 GB 16 GB Chrome OS (Renewed)              ",4,375 ratings,,HP,11.6 Inches,16 GB,4 GB
"         HP 2022 Victus Gaming Laptop, 15.6-Inch 144Hz FHD Display, 12th Gen Core i5-12450H(Beat R7 5800H), 32GB 3200 RAM, 1TB PCIe SSD, NVIDIA GeForce GTX 1650, WiFi 6, Backlit KB, RJ-45, HDMI, Win 11 H              ",4.2,391 ratings,"$706
.
00",HP,15.6 Inches,1 TB,32 GB
"         HP Envy 16"" WQXGA (2560 x 1600) Touchscreen Laptop, Intel Core i9-13900H Processor, GeForce RTX 4060 Graphics, Backlit Keyboard, Wi-Fi 6E, Audio by Bang & Olufsen, Windows 11 (64GB RAM | 2TB PCIe SSD)              ",4.1,17 ratings,"$1,619
.
00",HP,16 Inches,2 TB,64 GB
"         SGIN Laptop, 15.6 Inch Laptops,12GB DDR4 512GB SSD Laptops Computer with Intel Celeron N5095 Processor(Up to 2.9GHz), FHD 1920x1080 IPS Display, Bluetooth 4.2, Webcam, WiFi, Gray              ",4.6,32 ratings,"$339
.
99",SGIN,15.6 Inches,512 GB,24 GB
"         Acer Aspire 5 A515-56-347N Slim Laptop - 15.6"" Full HD IPS Display - 11th Gen Intel i3-1115G4 Dual Core Processor - 8GB DDR4 - 128GB NVMe SSD - WiFi 6 - Amazon Alexa - Windows 11 Home in S Mode,Silver              ",4.3,830 ratings,"$362
.
99",acer,15.6 Inches,128 GB,8 GB
